history_style,history_depth,regime,causal_test,layer,alpha,n,edited_accuracy,margin_effect_vs_alpha0,effect_min,effect_max,fraction_expected_direction,task_cluster_sign_p,task_effects_json
lexical_matched,32,obedience,necessity_recovery,3,0.25,72,0.6944444444444444,0.015625,-0.125,0.125,0.18055555555555555,0.25,"{""access_control"": 0.041666666666666664, ""candidate_preservation"": 0.0, ""data_integrity"": 0.0, ""procurement"": 0.020833333333333332, ""routing"": -0.010416666666666666, ""safety_threshold"": 0.041666666666666664}"
lexical_matched,32,obedience,necessity_recovery,3,0.5,72,0.6944444444444444,-0.013888888888888888,-0.125,0.125,0.09722222222222222,0.125,"{""access_control"": 0.0, ""candidate_preservation"": -0.020833333333333332, ""data_integrity"": -0.020833333333333332, ""procurement"": -0.020833333333333332, ""routing"": -0.020833333333333332, ""safety_threshold"": 0.0}"
lexical_matched,32,obedience,necessity_recovery,3,1.0,72,0.6944444444444444,-0.008680555555555556,-0.125,0.125,0.125,0.5625,"{""access_control"": 0.010416666666666666, ""candidate_preservation"": -0.041666666666666664, ""data_integrity"": -0.020833333333333332, ""procurement"": 0.020833333333333332, ""routing"": -0.041666666666666664, ""safety_threshold"": 0.020833333333333332}"
lexical_matched,32,obedience,necessity_recovery,11,0.25,72,0.7083333333333334,0.003472222222222222,-0.125,0.125,0.1527777777777778,0.78125,"{""access_control"": 0.020833333333333332, ""candidate_preservation"": -0.020833333333333332, ""data_integrity"": -0.010416666666666666, ""procurement"": 0.010416666666666666, ""routing"": 0.010416666666666666, ""safety_threshold"": 0.010416666666666666}"
lexical_matched,32,obedience,necessity_recovery,11,0.5,72,0.6944444444444444,0.0,-0.125,0.125,0.19444444444444445,1.0,"{""access_control"": 0.010416666666666666, ""candidate_preservation"": -0.03125, ""data_integrity"": -0.020833333333333332, ""procurement"": 0.020833333333333332, ""routing"": 0.0, ""safety_threshold"": 0.020833333333333332}"
lexical_matched,32,obedience,necessity_recovery,11,1.0,72,0.6944444444444444,-0.006944444444444444,-0.25,0.125,0.1388888888888889,0.6875,"{""access_control"": 0.010416666666666666, ""candidate_preservation"": -0.041666666666666664, ""data_integrity"": -0.03125, ""procurement"": 0.0, ""routing"": -0.020833333333333332, ""safety_threshold"": 0.041666666666666664}"
lexical_matched,32,obedience,necessity_recovery,31,0.25,72,0.6944444444444444,0.003472222222222222,-0.125,0.25,0.3194444444444444,0.875,"{""access_control"": 0.03125, ""candidate_preservation"": -0.03125, ""data_integrity"": -0.010416666666666666, ""procurement"": 0.010416666666666666, ""routing"": -0.020833333333333332, ""safety_threshold"": 0.041666666666666664}"
lexical_matched,32,obedience,necessity_recovery,31,0.5,72,0.7083333333333334,0.019097222222222224,-0.25,0.375,0.5,0.1875,"{""access_control"": 0.052083333333333336, ""candidate_preservation"": -0.03125, ""data_integrity"": 0.0, ""procurement"": 0.041666666666666664, ""routing"": 0.010416666666666666, ""safety_threshold"": 0.041666666666666664}"
lexical_matched,32,obedience,necessity_recovery,31,1.0,72,0.7083333333333334,0.041666666666666664,-0.5,0.625,0.5,0.25,"{""access_control"": 0.10416666666666667, ""candidate_preservation"": -0.03125, ""data_integrity"": 0.0, ""procurement"": 0.0625, ""routing"": -0.020833333333333332, ""safety_threshold"": 0.13541666666666666}"
lexical_matched,32,verification,reverse_sufficiency,3,0.25,72,0.7916666666666666,0.001736111111111111,-0.125,0.125,0.1527777777777778,1.0,"{""access_control"": 0.010416666666666666, ""candidate_preservation"": -0.03125, ""data_integrity"": 0.0, ""procurement"": -0.010416666666666666, ""routing"": 0.0, ""safety_threshold"": 0.041666666666666664}"
lexical_matched,32,verification,reverse_sufficiency,3,0.5,72,0.7916666666666666,0.003472222222222222,-0.125,0.25,0.16666666666666666,0.90625,"{""access_control"": 0.020833333333333332, ""candidate_preservation"": -0.052083333333333336, ""data_integrity"": 0.020833333333333332, ""procurement"": -0.010416666666666666, ""routing"": 0.010416666666666666, ""safety_threshold"": 0.03125}"
lexical_matched,32,verification,reverse_sufficiency,3,1.0,72,0.7916666666666666,-0.006944444444444444,-0.125,0.125,0.2222222222222222,0.75,"{""access_control"": 0.0, ""candidate_preservation"": -0.052083333333333336, ""data_integrity"": 0.03125, ""procurement"": -0.03125, ""routing"": 0.0, ""safety_threshold"": 0.010416666666666666}"
lexical_matched,32,verification,reverse_sufficiency,11,0.25,72,0.7916666666666666,-0.005208333333333333,-0.125,0.125,0.1111111111111111,0.625,"{""access_control"": -0.020833333333333332, ""candidate_preservation"": -0.020833333333333332, ""data_integrity"": -0.010416666666666666, ""procurement"": 0.0, ""routing"": 0.0, ""safety_threshold"": 0.020833333333333332}"
lexical_matched,32,verification,reverse_sufficiency,11,0.5,72,0.7916666666666666,-0.003472222222222222,-0.125,0.125,0.1527777777777778,0.9375,"{""access_control"": 0.010416666666666666, ""candidate_preservation"": -0.041666666666666664, ""data_integrity"": 0.010416666666666666, ""procurement"": 0.010416666666666666, ""routing"": -0.010416666666666666, ""safety_threshold"": 0.0}"
lexical_matched,32,verification,reverse_sufficiency,11,1.0,72,0.7916666666666666,0.005208333333333333,-0.125,0.125,0.1111111111111111,0.75,"{""access_control"": 0.020833333333333332, ""candidate_preservation"": -0.041666666666666664, ""data_integrity"": 0.020833333333333332, ""procurement"": 0.041666666666666664, ""routing"": -0.010416666666666666, ""safety_threshold"": 0.0}"
lexical_matched,32,verification,reverse_sufficiency,31,0.25,72,0.7916666666666666,-0.012152777777777778,-0.25,0.25,0.375,0.25,"{""access_control"": 0.0, ""candidate_preservation"": -0.010416666666666666, ""data_integrity"": 0.020833333333333332, ""procurement"": -0.03125, ""routing"": -0.020833333333333332, ""safety_threshold"": -0.03125}"
lexical_matched,32,verification,reverse_sufficiency,31,0.5,72,0.7916666666666666,-0.03125,-0.375,0.25,0.4861111111111111,0.125,"{""access_control"": -0.052083333333333336, ""candidate_preservation"": -0.03125, ""data_integrity"": 0.03125, ""procurement"": -0.052083333333333336, ""routing"": -0.020833333333333332, ""safety_threshold"": -0.0625}"
lexical_matched,32,verification,reverse_sufficiency,31,1.0,72,0.7777777777777778,-0.0763888888888889,-0.625,0.5,0.5,0.0625,"{""access_control"": -0.14583333333333334, ""candidate_preservation"": -0.08333333333333333, ""data_integrity"": 0.03125, ""procurement"": -0.10416666666666667, ""routing"": -0.0625, ""safety_threshold"": -0.09375}"
