regime,history_depth,intervention,n,accuracy,correct_logit_margin_mean,binary_correct_probability_mean
obedience,32,intact,72,0.6944444444444444,1.3020833333333333,0.7051387136779094
obedience,32,paired_all,72,0.7916666666666666,2.829861111111111,0.8306331142335114
obedience,32,paired_conv,72,0.6944444444444444,1.2881944444444444,0.7032592319952617
obedience,32,paired_kv,72,0.7916666666666666,2.486111111111111,0.80806001310104
obedience,32,paired_recurrent,72,0.7638888888888888,1.7552083333333333,0.7536331400526862
obedience,32,paired_recurrent_kv,72,0.7916666666666666,2.8489583333333335,0.8337753260124475
obedience,32,paired_stage_0,72,0.7083333333333334,1.2934027777777777,0.7028989450665923
obedience,32,paired_stage_1,72,0.7222222222222222,1.4670138888888888,0.728445550308401
obedience,32,paired_stage_2,72,0.75,1.7170138888888888,0.7509224823161584
obedience,32,paired_stage_3,72,0.75,2.220486111111111,0.7838494121163916
obedience,32,paired_stage_4,72,0.7083333333333334,1.3993055555555556,0.7105202691490352
obedience,32,paired_stage_5,72,0.7083333333333334,1.3055555555555556,0.7040806396272723
obedience,32,paired_stage_6,72,0.7083333333333334,1.3090277777777777,0.7053267298949966
obedience,32,paired_stage_7,72,0.6944444444444444,1.3090277777777777,0.7050594306098519
verification,32,intact,72,0.7916666666666666,2.829861111111111,0.8306331142335114
verification,32,paired_all,72,0.6944444444444444,1.3020833333333333,0.7051387136779094
verification,32,paired_conv,72,0.7916666666666666,2.8489583333333335,0.8337753260124475
verification,32,paired_kv,72,0.7638888888888888,1.7534722222222223,0.7519175957969051
verification,32,paired_recurrent,72,0.7916666666666666,2.4809027777777777,0.807226164663803
verification,32,paired_recurrent_kv,72,0.6944444444444444,1.2881944444444444,0.7032592319952617
verification,32,paired_stage_0,72,0.7916666666666666,2.828125,0.8292158666750717
verification,32,paired_stage_1,72,0.7638888888888888,2.6336805555555554,0.8098241223860103
verification,32,paired_stage_2,72,0.75,2.4722222222222223,0.8018532541419551
verification,32,paired_stage_3,72,0.7777777777777778,2.064236111111111,0.7884431745347642
verification,32,paired_stage_4,72,0.7916666666666666,2.782986111111111,0.8313293901366712
verification,32,paired_stage_5,72,0.7916666666666666,2.8211805555555554,0.8290668667674739
verification,32,paired_stage_6,72,0.7916666666666666,2.8177083333333335,0.8282462409930748
verification,32,paired_stage_7,72,0.7916666666666666,2.8246527777777777,0.8293566552263977
